  <transformation_execution_configuration>
    <exec_local>N</exec_local>
    <exec_remote>Y</exec_remote>
    <slaveserver><name>crt</name><hostname>127.0.0.1</hostname><port>8088</port><webAppName/><username>cluster</username><password>Encrypted 2be98afc86aa7f2e4cb1aa265cd86aac8</password><proxy_hostname/><proxy_port/><non_proxy_hosts/><master>N</master></slaveserver>
    <pass_export>Y</pass_export>
    <exec_cluster>N</exec_cluster>
    <cluster_post>Y</cluster_post>
    <cluster_prepare>Y</cluster_prepare>
    <cluster_start>Y</cluster_start>
    <cluster_show_trans>N</cluster_show_trans>
    <parameters>
    </parameters>
    <variables>
    <variable><name>Internal.Job.Filename.Directory</name><value>Parent Job File Directory</value></variable>
    <variable><name>Internal.Job.Filename.Name</name><value>Parent Job Filename</value></variable>
    <variable><name>Internal.Job.Name</name><value>Parent Job Name</value></variable>
    <variable><name>Internal.Job.Repository.Directory</name><value>Parent Job Repository Directory</value></variable>
    <variable><name>Internal.Job.Run.AttemptNr</name><value/></variable>
    <variable><name>Internal.Job.Run.ID</name><value/></variable>
    <variable><name>Internal.Transformation.Filename.Directory</name><value>file&#x3a;&#x2f;&#x2f;&#x2f;tmp</value></variable>
    <variable><name>Internal.Transformation.Filename.Name</name><value>dummy_trans.ktr</value></variable>
    <variable><name>Internal.Transformation.Name</name><value>dummy-trans</value></variable>
    <variable><name>Internal.Transformation.Repository.Directory</name><value>&#x2f;home&#x2f;admin</value></variable>
    </variables>
    <arguments>
    </arguments>
    <replay_date/>
    <safe_mode>N</safe_mode>
    <log_level>Basic</log_level>
    <log_file>N</log_file>
    <log_filename/>
    <log_file_append>N</log_file_append>
    <create_parent_folder>N</create_parent_folder>
    <clear_log>Y</clear_log>
    <gather_metrics>Y</gather_metrics>
    <show_subcomponents>Y</show_subcomponents>
<repository><name>di</name>
<login>admin</login>
<password>2be98afc86aa7f2e4bb18bd63c99dbdde</password>
</repository></transformation_execution_configuration>
