  <job_execution_configuration>
    <exec_local>N</exec_local>
    <exec_remote>Y</exec_remote>
    <slaveserver><name>crt</name><hostname>127.0.0.1</hostname><port>8088</port><webAppName/><username>cluster</username><password>Encrypted 2be98afc86aa7f2e4cb1aa265cd86aac8</password><proxy_hostname/><proxy_port/><non_proxy_hosts/><master>N</master></slaveserver>
    <pass_export>Y</pass_export>
    <parameters>
    </parameters>
    <variables>
    <variable><name>Internal.Job.Filename.Directory</name><value>file&#x3a;&#x2f;&#x2f;&#x2f;tmp&#x2f;</value></variable>
    <variable><name>Internal.Job.Filename.Name</name><value>dummy_job.kjb</value></variable>
    <variable><name>Internal.Job.Name</name><value>dummy_job</value></variable>
    <variable><name>Internal.Job.Repository.Directory</name><value>&#x2f;</value></variable>
    <variable><name>Internal.Job.Run.AttemptNr</name><value/></variable>
    <variable><name>Internal.Job.Run.ID</name><value/></variable>
    <variable><name>Internal.Transformation.Filename.Directory</name><value/></variable>
    <variable><name>Internal.Transformation.Filename.Name</name><value/></variable>
    <variable><name>Internal.Transformation.Name</name><value/></variable>
    <variable><name>Internal.Transformation.Repository.Directory</name><value/></variable>
    </variables>
    <arguments>
    <argument><name>01</name><value/></argument>
    <argument><name>02</name><value/></argument>
    <argument><name>03</name><value/></argument>
    <argument><name>04</name><value/></argument>
    <argument><name>05</name><value/></argument>
    <argument><name>06</name><value/></argument>
    <argument><name>07</name><value/></argument>
    <argument><name>08</name><value/></argument>
    <argument><name>09</name><value/></argument>
    <argument><name>10</name><value/></argument>
    </arguments>
    <replay_date/>
    <safe_mode>N</safe_mode>
    <log_level>Basic</log_level>
    <clear_log>Y</clear_log>
    <start_copy_name/>
    <start_copy_nr>0</start_copy_nr>
    <gather_metrics>N</gather_metrics>
    <expand_remote_job>N</expand_remote_job>
<repository><name>di</name>
<login>admin</login>
<password>2be98afc86aa7f2e4bb18bd63c99dbdde</password>
</repository></job_execution_configuration>
