  <job_execution_configuration>
    <exec_local>N</exec_local>
    <exec_remote>Y</exec_remote>
          <slaveserver>
        <name>Cartey-Hartey</name>
        <hostname>127.0.0.1</hostname>
        <port>9090</port>
        <webAppName/>
        <username>cluster</username>
<password>Encrypted 2be98afc86aa7f2e4cb1aa265cd86aac8</password>        <proxy_hostname/>
        <proxy_port/>
        <non_proxy_hosts/>
        <master>Y</master>
        <sslMode>N</sslMode>      </slaveserver>

    <pass_export>Y</pass_export>
    <parameters>
    </parameters>
    <variables>
    <variable><name>Internal.Entry.Current.Directory</name><value>file:///Users/njordan/Documents/pentaho/pdi/issues/PDI-18250/test_files/analyze_status_flat</value></variable>
    <variable><name>Internal.Job.Filename.Directory</name><value>file:///Users/njordan/Documents/pentaho/pdi/issues/PDI-18250/test_files/analyze_status_flat</value></variable>
    <variable><name>Internal.Job.Filename.Name</name><value>GrabData.kjb</value></variable>
    <variable><name>Internal.Job.Name</name><value>GrabData</value></variable>
    <variable><name>Internal.Job.Repository.Directory</name><value>file:///Users/njordan/Documents/pentaho/pdi/issues/PDI-18250/test_files/analyze_status_flat</value></variable>
    <variable><name>Internal.Job.Run.AttemptNr</name><value/></variable>
    <variable><name>Internal.Job.Run.ID</name><value/></variable>
    <variable><name>Internal.Transformation.Filename.Directory</name><value/></variable>
    <variable><name>Internal.Transformation.Filename.Name</name><value/></variable>
    <variable><name>Internal.Transformation.Name</name><value/></variable>
    <variable><name>Internal.Transformation.Repository.Directory</name><value/></variable>
    </variables>
    <arguments>
    </arguments>
    <replay_date/>
    <safe_mode>N</safe_mode>
    <log_level>Basic</log_level>
    <clear_log>Y</clear_log>
    <start_copy_name/>
    <start_copy_nr>0</start_copy_nr>
    <gather_metrics>N</gather_metrics>
    <expand_remote_job>N</expand_remote_job>
</job_execution_configuration>
